{
  "1": {
    "rag": {
      "avg_relevance": 0.5250662527868138,
      "avg_latency": 14.090144654115042,
      "relevances": [
        0.6359045070852126,
        0.4900927543150044,
        0.5320631265108196,
        0.605344808359695,
        0.5623908564016075,
        0.43802964682967116,
        0.5057571235244634,
        0.4751230761007042,
        0.5245247482728954,
        0.4879506825912806,
        0.5374419412934937,
        0.5061717621569193
      ],
      "latencies": [
        15.05185341835022,
        18.381065845489502,
        10.69163465499878,
        9.745816230773926,
        22.040384769439697,
        11.506484985351562,
        12.043833255767822,
        9.966228723526001,
        9.812474012374878,
        18.85518527030945,
        14.553896427154541,
        16.432878255844116
      ]
    },
    "hyde": {
      "avg_relevance": 0.49496543100035695,
      "avg_latency": 13.130382617314657,
      "relevances": [
        0.6359045070852126,
        0.4900927543150044,
        0.5057036876172764,
        0.605344808359695,
        0.5623908564016075,
        0.41938889983407157,
        0.4223056090830027,
        0.4607581472387983,
        0.45472586150390487,
        0.4600362133562931,
        0.5101075767960657,
        0.41282625041335175
      ],
      "latencies": [
        6.425863742828369,
        17.971884727478027,
        10.651805639266968,
        5.0288591384887695,
        21.123892307281494,
        17.272890090942383,
        17.6932475566864,
        9.120287418365479,
        7.945326328277588,
        16.5517315864563,
        11.905704736709595,
        15.873098134994507
      ]
    }
  },
  "3": {
    "rag": {
      "avg_relevance": 0.5020303525484893,
      "avg_latency": 34.46222227811813,
      "relevances": [
        0.5953398231452213,
        0.4772229790210338,
        0.5274004935690861,
        0.5711067353777886,
        0.5435213619963856,
        0.4210422964712585,
        0.4714971253650082,
        0.45433232904891685,
        0.5026393532250352,
        0.45917932029090924,
        0.5217931082376932,
        0.47928930483353516
      ],
      "latencies": [
        28.8178071975708,
        38.69090533256531,
        36.22081017494202,
        31.72033953666687,
        39.6939651966095,
        33.74901008605957,
        31.303468227386475,
        40.194719076156616,
        38.134621143341064,
        33.59315037727356,
        31.210853815078735,
        30.21701717376709
      ]
    },
    "hyde": {
      "avg_relevance": 0.47851626085151694,
      "avg_latency": 35.99010441700617,
      "relevances": [
        0.5586183039978525,
        0.44422925507553657,
        0.5184059937276597,
        0.537061406392382,
        0.5277299855661817,
        0.4019225370724849,
        0.41786579661090006,
        0.44386901905335635,
        0.47252042090141233,
        0.44731815282083676,
        0.515621931039552,
        0.4570323279600484
      ],
      "latencies": [
        31.120712518692017,
        48.724496603012085,
        35.17081546783447,
        37.02338671684265,
        40.70585823059082,
        34.158684492111206,
        37.10301876068115,
        34.7601158618927,
        31.951911449432373,
        34.09885549545288,
        34.2254478931427,
        32.83794951438904
      ]
    }
  },
  "5": {
    "rag": {
      "avg_relevance": 0.4884065784667487,
      "avg_latency": 39.79580491781235,
      "relevances": [
        0.5748327021536239,
        0.47233824129149604,
        0.5225321053936086,
        0.5532276832973507,
        0.533315448542407,
        0.4090833615447369,
        0.4522022499584839,
        0.43903444041597023,
        0.49285326577373817,
        0.441849182033981,
        0.5129927879605857,
        0.45661747323500207
      ],
      "latencies": [
        43.67349910736084,
        41.23764157295227,
        37.284799575805664,
        41.403823137283325,
        42.919684171676636,
        38.85038781166077,
        40.205554246902466,
        31.403720378875732,
        39.739290952682495,
        39.58540391921997,
        40.48940634727478,
        40.75644779205322
      ]
    },
    "hyde": {
      "avg_relevance": 0.46288883989764545,
      "avg_latency": 40.776332338651024,
      "relevances": [
        0.5613756534135665,
        0.43594479556492605,
        0.5225321053936086,
        0.5296437584903364,
        0.5248834178654548,
        0.3801987143466585,
        0.3892707554719201,
        0.43104618844200254,
        0.4801909148212894,
        0.4094795109754577,
        0.48245058694733534,
        0.40764967703918953
      ],
      "latencies": [
        40.55638527870178,
        41.00107669830322,
        41.46869778633118,
        44.93850612640381,
        44.44683575630188,
        36.5445237159729,
        40.715333700180054,
        39.87502837181091,
        39.53718900680542,
        40.061089277267456,
        40.86438989639282,
        39.30693244934082
      ]
    }
  },
  "7": {
    "rag": {
      "avg_relevance": 0.4753252684275064,
      "avg_latency": 46.808152079582214,
      "relevances": [
        0.5572301921180386,
        0.4693876416092308,
        0.5044708464322385,
        0.5431125476543909,
        0.5250206239003614,
        0.40188439877011645,
        0.4394902410698769,
        0.4267723081633019,
        0.4808828360646444,
        0.4321939505054941,
        0.49647076615124774,
        0.42698686869113484
      ],
      "latencies": [
        39.754435300827026,
        40.10845732688904,
        42.44618248939514,
        45.91953158378601,
        40.56214737892151,
        39.511884689331055,
        39.02973985671997,
        55.60089182853699,
        56.58796668052673,
        56.956268072128296,
        53.873141050338745,
        51.34717869758606
      ]
    },
    "hyde": {
      "avg_relevance": 0.4498736304188743,
      "avg_latency": 47.21280864874522,
      "relevances": [
        0.5313425338507053,
        0.4443774308032752,
        0.494843346682519,
        0.504910611317857,
        0.5189977448453955,
        0.37982765905098814,
        0.38675096562094846,
        0.41271906651813356,
        0.43940986049890135,
        0.400527250476636,
        0.46331441429101594,
        0.42146268107011614
      ],
      "latencies": [
        40.21601152420044,
        40.560025691986084,
        40.72326111793518,
        37.67987370491028,
        39.82443881034851,
        39.61281418800354,
        42.59892225265503,
        58.003069162368774,
        54.34628987312317,
        56.69628047943115,
        57.00783705711365,
        59.28487992286682
      ]
    }
  }
}